编号,名称,英文名,预制体,图标
13,竹子,ZhuziTree,Prefab/Tree/ZuziTree,zhuziCailiao.png
14,粗壮的木头,FloorTree,Prefab/Tree/FloorTree1,floorTreeCailiao.png
18,树皮,Shupi,Prefab/Tree/Shupi,shupiCailiao.png
23,大仙人柱,xianrenzhuguoshi,Prefab/Tree/BigXianrenzhu,xianrenzhu_1.png
24,竹子,ZhuziTree,Prefab/Tree/FeizhouZuziTree,zhuziCailiao.png
25,沉重的岩石,FloorStone,Prefab/Stone/FloorStone,floorStoneCailiao.png
26,海滩树,,Prefab/Tree/HaitanTree1,haitanBajiaoye.png
31,树皮,Shupi,Prefab/Tree/Shupi2,shupiCailiao.png
48,树脂,Shuzhi2,Prefab/Grass/Shuzhi2,shuzhiCailiao2.png
52,干草,FireGrass,Prefab/Grass/FireGrass,huorongCailiao.png
53,木材,FireWood,Prefab/Grass/FireWood,mucaiCailiao.png
54,藤条,Tengtiao,Prefab/Grass/Tengtiao,tengtiaoCailiao.png
55,坚固的小棍,HardLittleWood,Prefab/Grass/HardLittleWood,jieshimugunCailiao.png
56,树脂,Shuzhi,Prefab/Grass/Shuzhi,shuzhiCailiao.png
68,野驴草,Yelvcao,Prefab/Grass/YelvCao,yelvcaoIcon.png
69,冰草,Bingcao,Prefab/Food/GrassBingCao,bingcaoGrassUI.png
110,木材,FireWood,Prefab/Snow/SnowFireWood,snowMucai.png
111,坚固的小棍,HardLittleWood,Prefab/Snow/SnowHardLittleWood,jieshimugunCailiao.png
112,坚硬的石头,SharpStone,Prefab/Snow/SnowSharpStone,fengliStoneCailiao.png
113,石板,Shiban,Prefab/Snow/SnowShiban,shibanCailiao.png
114,石头,,Prefab/Snow/SnowThrowStone,snowThrowStone.png
115,破布,Pobu,Prefab/Snow/SnowPobu,snowPobu.png
116,藤条,Tengtiao,Prefab/Snow/SnowTengtiao,tengtiaoCailiao.png
117,藤条[树上],Tengtiao,Prefab/Snow/SnowUpTengtiao,tengtiaoCailiao.png
118,竹子,ZhuziTree,Prefab/Snow/SnowZuziTree,zhuziCailiao.png
119,树脂,Shuzhi,Prefab/Snow/SnowShuzhi,shuzhiCailiao.png
120,大叶片[两个],,Prefab/Snow/SnowGrassBig,snowBigGrassTop.png
121,云杉树,,Prefab/Snow/SnowYunshanTree,
122,粗壮的木头,FloorTree,Prefab/Snow/SnowFloorTree,floorTreeCailiao.png
123,树皮,Shupi,Prefab/Snow/SnowShupi,shupiCailiao.png
124,蓝莓,Lanmei,Prefab/Snow/SnowGrassLanmei,lanmeiIcon.png
125,山药,Shanyao,Prefab/Snow/SnowShanyao,sanyaoIcon.png
126,人参,Renshen,Prefab/Snow/SnowRenshen,snowRensheng.png
127,干净的雪,GoodSnow,Prefab/Snow/SnowGoodSnow,freshSnowIcon.png
128,苔藓,Taixian,Prefab/Snow/SnowTaixian,taixianIcon.png
129,冰锥,Bingzhui,Prefab/Snow/SnowBingzhui,bingzhuiIcon.png
130,大雪块,FloorSnow,Prefab/Snow/FloorSnow,bigSnowBlockIcon.png
131,乌鸦果,Wuyaguo,Prefab/Snow/Wuyaguo,wuyaguoIcon.png
132,鸡油蘑菇,,Prefab/Snow/JiyouMogu,
133,蕨类的根,Jueleigen,Prefab/Snow/Juelei,jueleiIcon.png
134,贻贝,YibeiBox,Prefab/Snow/Yibei,yibeiIcon.png
135,雪莲,Xuelian,Prefab/Snow/Xuelian,xuelianhuaIcon.png
136,海莴苣,Haiwoju,Prefab/Snow/Haiwoju,haiwojuIcon.png
137,松果,Songguo,Prefab/Snow/SnowSongguo,songguoIcon.png
138,螃蟹,,Prefab/Snow/SnowPangxieHome,
139,松鼠,,Prefab/Snow/SnowSongshuHome,
140,松鼠[树上],,Prefab/Snow/SnowSongshuUpHome,
141,枯树,,Prefab/Snow/SnowKushu,snowKushuTop.png
142,干草,FireGrass,Prefab/Snow/SnowFireGrass,huorongCailiao.png
143,猴面包树,,Prefab/Food/SmallHoumiTree,houmianbaoguoshi.png
144,猴面包果,HoumiGuo,Prefab/Food/FloorHoumiGuo,houmianbaoguoshi.png
145,酢浆草,CujiangCao,Prefab/Food/CujiangCao,cujiangcaoIcon.png
146,蚂蚁卵,MayiLuan,Prefab/Food/MayiLuan,mayiruanIcon.png
147,野草莓,Yecaomei,Prefab/Food/Yecaomei,yecaomeiIcon.png
150,大叶子,,Prefab/GrassBig/GrassBig1,BigGrass2B.png
151,石板,Shiban,Prefab/Stone/Shiban,shibanCailiao.png
152,浑浊的水,DirtyWater,Prefab/GrassBig/DirtyWater,zangWaterCailiao.png
153,大型叶片[地面],BigLeaf,Prefab/GrassBig/FloorBigLeaf,bigleafCailiao.png
154,云杉树,,Prefab/Tree/YunshanTree,yunshanleafCailiao.png
155,藤条,Tengtiao,Prefab/Grass/UpTengtiao,tengtiaoCailiao.png
156,大型水葫芦,BigShuihulu,Prefab/GrassBig/BigShuihulu,BigShuihuluIcon.png
157,噩梦荆刺,,Prefab/GrassBig/DreamCi,dreamCiBefore.png
158,石板[水中],Shiban,Prefab/Stone/WaterShiban,shibanCailiao.png
159,破布,Pobu,Prefab/GrassBig/Pobu,pobuIcon.png
160,大叶片,,Prefab/GrassBig/GrassBig2,BigGrass2B.png
166,海中扇贝,,Prefab/Food/ShanbeiInSea,shanbeiFresh.png
167,茄子种子,SeedQiezi,Prefab/Food/Qiezi,seedQiezi.png
168,木薯根茎,SeedMushu,Prefab/Food/Mushu,seedMushu.png
169,大蒜,Dasuan,Prefab/Food/Dasuan,dasuanIcon.png
170,野生茭白,GrassJiaobai,Prefab/Food/GrassJiaobai,jiaobai.png
171,山莓,GrassYecaomei,Prefab/Food/GrassYecaomei,yecaomei.png
172,蘑菇,GrassMoguFresh,Prefab/Food/GrassMogu,moguFresh.png
173,竹笋,GrassZushun,Prefab/Food/GrassZushun,zhusun.png
174,野生生姜,Shengjiang,Prefab/Food/GrassShengjiang,shengjiang.png
175,地瓜,Digua,Prefab/Food/GrassDigua,digua.png
176,鸟窝,,Prefab/Food/NiaoWo,niaodan.png
177,猴面包树,Houmianbao,Prefab/Food/SmallHoumianbaoTree,houmianbaoguoshi.png
178,猴面包果,Houmianbao,Prefab/Food/FloorHoumianbao,houmianbaoguoshi.png
179,猴面包树根,HoumianbaoGen,Prefab/Food/HoumianbaoGen,genIcon.png
180,椰子[树上],,Prefab/Food/SmallYeziTree,yeziguoshiIcon.png
181,椰子果实,YeziGuoshi,Prefab/Food/FloorYeziGuoshi,yeziguoshiIcon.png
182,海草,Haicao,Prefab/Food/Haicao,haicaoUI.png
183,芋艿丛,yunaifresh,Prefab/Food/GrassYunai,yunaiFresh.png
184,野生贝类,Beilei,Prefab/Food/BeileiOutSea,beikeUI.png
185,野生贝类[海里],Beilei,Prefab/Food/BeileiInSea,beikeUI.png
186,低处鸟窝,,Prefab/Food/DownNiaoWo,niaodan.png
187,野生辣椒,Lajiao,Prefab/Food/GrassLajiao,lajiaoIcon.png
188,蓝莓,Lanmei,Prefab/Food/GrassLanmei,lanmeiIcon.png
189,菱角,Lingjiao,Prefab/GrassBig/BigLingjiao,lingjiaoIcon.png
190,人参,Renshen,Prefab/Food/Renshen,renshengIcon.png
191,山药,Shanyao,Prefab/Food/Shanyao,sanyaoIcon.png
192,棕榈芯,Zonglvxin,Prefab/GrassBig/Zonglvxin,zonglvxinIcon.png
193,野菜,Yecai,Prefab/Food/Yecai,yecaiIcon.png
194,枯树,,Prefab/GrassBig/Kushu,kushuTop.png
195,艾草,Aicao,Prefab/Grass/Aicao,aicaoIcon.png
196,大便,,Prefab/Grass/Fenbian,dabian.png
197,海带,Haidai,Prefab/Food/Haidai,haidaiIcon.png
201,坚硬的石头,SharpStone,Prefab/Stone/SharpStone,fengliStoneCailiao.png
202,石头,,Prefab/Build/ThrowStone,ThrowStone.png
244,美洲豹,,,
245,刺豚鼠,,Prefab/Animals/CitunshuHome,
246,招潮蟹,,Prefab/Animals/ZhaochaoxieHome,
247,秃鹫,,Prefab/Animals/TujiuHome,
248,兔豚鼠,,Prefab/Animals/TutunshuHome,
249,乌鸦,,Prefab/Animals/WuyaHome,
250,青蛙,,Prefab/Animals/FrogHome,
251,鱼,,Prefab/Animals/FishHome,
252,鸟,,Prefab/Animals/BirdHome,
253,兔子,,Prefab/Animals/TuziHome,
254,狼,,Prefab/Animals/WolfHome,
255,四脚蛇,,Prefab/Animals/SijiaosheHome,
256,鬣狗,,,liegouIcon.png
257,海鲈鱼,,Prefab/Animals/SeaLuyuHome,
258,螃蟹,,Prefab/Animals/PangxieHome,
259,野蟹,,Prefab/Animals/YezixieHome,
260,大龙虾,,Prefab/Animals/DalongxiaHome,
261,鳄鱼,,Prefab/Animals/DaeyuHome,
262,鲶鱼,,Prefab/Animals/NianyuHome,
263,野鸭,,Prefab/Animals/YeyaHome,
264,鲈鱼,,Prefab/Animals/LuyuHome,
265,土拨鼠,,Prefab/Animals/TuboshuHome,
266,棕熊,,,
267,蛇,,Prefab/Animals/SnakeHome,
268,鲳鱼,,Prefab/Animals/ChangyuHome,
269,蝎子,,Prefab/Animals/XieziHome,
270,蜥蜴,,Prefab/Animals/XiyiHome,
271,竹鼠,,Prefab/Animals/ZhuziHome,
272,乌贼,,Prefab/Animals/WuzeiHome,
273,剑鱼,,Prefab/Animals/JianyuHome,
274,松鼠,,Prefab/Animals/SongshuHome,
275,松鼠[树上],,Prefab/Animals/SongshuUpHome,
276,鲨鱼,,Prefab/Animals/SharkHome,
277,鲱鱼,,Prefab/Animals/FeiyuHome,
278,雪鱼,,Prefab/Animals/XueyuHome,
279,三文鱼,,Prefab/Animals/SanwenyuHome,
280,兔子,,Prefab/Animals/SnowTuziHome,
281,寄居蟹,,Prefab/Animals/JijuxieHome,
282,雉鸡,,Prefab/Animals/ChujiHome,chujiIcon.png
284,黄鼠狼,,Prefab/Animals/HuangshulangHome,
285,食人鱼,,Prefab/Animals/ShirenyuHome,
286,蜜獾,,Prefab/Animals/MiguanHome,
287,河马,,Prefab/Animals/HemaHome,
288,果蝠,,Prefab/Animals/GuofuHome,
294,河鳟,,Prefab/Animals/HezunHome,
295,美洲狮,,,
296,湍鸭,,Prefab/Animals/TuanyaHome,
298,鲶鱼,,Prefab/Animals/NianyuChangeHome,
299,变体泥潭,,Prefab/GrassBig/ChangeNitu,
300,胡萝卜,Huluobo,Prefab/Food/Huluobo,huluoboIcon.png
301,土豆根茎,SeedTudou,Prefab/Food/Tudou,seedtudou.png
302,烤鸡腿,Jitui,Prefab/Food/Jitui,jituiIcon.png
303,火灵芝,Lingzhi,Prefab/Food/Lingzhi,lingzhiIcon.png
304,松果,Songguo,Prefab/Food/Songguo,songguoIcon.png
305,斑竹树,,Prefab/Tree/BanzhuTree,
306,干草,FireGrass,Prefab/Grass/BigFireGrass,huorongCailiao.png
307,糖漿草,TangJiangcao,Prefab/Grass/Tangjiangcao,
308,野生小洋葱,Xiaoyangcong,Prefab/Food/Xiaoyangcong,xiaoyangchong.png
309,沙蒿,Shahao,Prefab/Food/Shahao,shahaoIcon.png
310,蒙古口蘑,MengguKouguFresh,Prefab/Food/MengguKougu,mengguKouguFresh.png
311,黑松露菌,HeisongluJunFresh,Prefab/Food/HeisongluJun,heisonglujunFreash.png
312,黑加仑,Heijialun,Prefab/Food/Heijialun,wuyaguoIcon.png
313,树皮,Shupi,Prefab/Tree/Shupi3,shupiCailiao.png
314,大骨头,Dagutou,Prefab/Food/Dagutou,dagutouIcon.png
319,山竹果[地上],Shanzhuguo,Prefab/Food/FloorShanzhuguo,shanzhuguoIcon.png
320,山竹果,Shanzhuguo,Prefab/GrassBig/Shanzhuguo,shanzhuguoIcon.png
321,无花果,Wuhuaguo,Prefab/Food/LejingWuhuaguo,wuhuaguoIcon.png
322,腰果,Yaoguo,Prefab/GrassBig/Yaoguo,yaoguoIcon.png
323,棕榈叶,ZonglvLeaf,Prefab/GrassBig/ZonglvLeaf,zonglvyeIcon.png
324,花生,Huasheng,Prefab/Food/Huasheng,huashengFresh.png
325,野青菜,,Prefab/Food/Yeqingcai,
326,蜂蜜,Fengmi,Prefab/Food/Fengmi,fengmiIcon.png
329,芦笋,Lusun,Prefab/Food/Lusun,lusunIcon.png
407,奎宁,Kuining,Prefab/GrassBig/GrassKuining,kuiningIcon.png
408,巴西莓,Baximei,Prefab/Tree/BaximeiTree,baximeiUI.png
410,巴西坚果[地上],BaxiJianguo,Prefab/Food/FloorBaxijianguo,baxiJianguoIcon.png
411,巴西坚果,BaxiJianguo,Prefab/Tree/Baxijianguo,baxiJianguoIcon.png
412,芭蕉,Bajiao,Prefab/Tree/BajiaoTree,bajiaoIcon.png
413,巨型睡蓮,Shuilian,Prefab/Grass/Shuilian,
999,好游快爆石雕,,Prefab/Stone/HykbShidiao,
1004,奇怪的岩石,WaterSignFloorStone,Prefab/HideTask/WaterSignFloorStone,floorStoneCailiao.png
1008,海星,SeaStar,Prefab/HideTask/SeaStar,haixingIcon.png
1011,水葫芦花,ShuihuluHua,Prefab/HideTask/ShuihuluHua,shuihuluHuaCailiao.png
1014,高山石板,GaoshanFloorStone1,Prefab/HideTask/GaoshanFloorStone1,
1015,高山石板,GaoshanFloorStone2,Prefab/HideTask/GaoshanFloorStone2,
1099,快爆木雕,,Prefab/GrassBig/KuaibaoMudiao,
1100,宝箱,,Prefab/Stone/Baoxiang,
1152,噩梦玫瑰,,Prefab/HideTask/Saint2/DreamMeigui,
1203,博茨瓦纳桃树,,Prefab/HideTask/StrangeStone/BociwanaTaoshu,
1215,蛛笼草,,Prefab/HideTask/Huwan/ZhulongcaoWaterWupi,
